label;url
centrifuge;https://github.com/Ainsw0rt/Nikonov/blob/main/centr/0.jpg?raw=true
centrifuge;https://github.com/Ainsw0rt/Nikonov/blob/main/centr/1.jpg?raw=true
centrifuge;https://github.com/Ainsw0rt/Nikonov/blob/main/centr/2.jpg?raw=true
centrifuge;https://github.com/Ainsw0rt/Nikonov/blob/main/centr/3.jpg?raw=true
centrifuge;https://github.com/Ainsw0rt/Nikonov/blob/main/centr/4.jpg?raw=true
centrifuge;https://github.com/Ainsw0rt/Nikonov/blob/main/centr/5.jpg?raw=true
centrifuge;https://github.com/Ainsw0rt/Nikonov/blob/main/centr/6.jpg?raw=true
centrifuge;https://github.com/Ainsw0rt/Nikonov/blob/main/centr/7.jpg?raw=true
centrifuge;https://github.com/Ainsw0rt/Nikonov/blob/main/centr/8.jpg?raw=true
centrifuge;https://github.com/Ainsw0rt/Nikonov/blob/main/centr/9.jpg?raw=true
centrifuge;https://github.com/Ainsw0rt/Nikonov/blob/main/centr/10.jpg?raw=true
centrifuge;https://github.com/Ainsw0rt/Nikonov/blob/main/centr/11.jpg?raw=true
centrifuge;https://github.com/Ainsw0rt/Nikonov/blob/main/centr/12.jpg?raw=true
centrifuge;https://github.com/Ainsw0rt/Nikonov/blob/main/centr/13.jpg?raw=true
centrifuge;https://github.com/Ainsw0rt/Nikonov/blob/main/centr/14.jpg?raw=true
centrifuge;https://github.com/Ainsw0rt/Nikonov/blob/main/centr/15.jpg?raw=true
centrifuge;https://github.com/Ainsw0rt/Nikonov/blob/main/centr/16.jpg?raw=true
centrifuge;https://github.com/Ainsw0rt/Nikonov/blob/main/centr/17.jpg?raw=true
centrifuge;https://github.com/Ainsw0rt/Nikonov/blob/main/centr/18.jpg?raw=true
centrifuge;https://github.com/Ainsw0rt/Nikonov/blob/main/centr/19.jpg?raw=true
centrifuge;https://github.com/Ainsw0rt/Nikonov/blob/main/centr/20.jpg?raw=true
centrifuge;https://github.com/Ainsw0rt/Nikonov/blob/main/centr/21.jpg?raw=true
centrifuge;https://github.com/Ainsw0rt/Nikonov/blob/main/centr/22.jpg?raw=true
centrifuge;https://github.com/Ainsw0rt/Nikonov/blob/main/centr/23.jpg?raw=true
centrifuge;https://github.com/Ainsw0rt/Nikonov/blob/main/centr/24.jpg?raw=true
centrifuge;https://github.com/Ainsw0rt/Nikonov/blob/main/centr/25.jpg?raw=true
centrifuge;https://github.com/Ainsw0rt/Nikonov/blob/main/centr/26.jpg?raw=true
centrifuge;https://github.com/Ainsw0rt/Nikonov/blob/main/centr/27.jpg?raw=true
centrifuge;https://github.com/Ainsw0rt/Nikonov/blob/main/centr/28.jpg?raw=true
centrifuge;https://github.com/Ainsw0rt/Nikonov/blob/main/centr/29.jpg?raw=true
centrifuge;https://github.com/Ainsw0rt/Nikonov/blob/main/centr/30.jpg?raw=true
centrifuge;https://github.com/Ainsw0rt/Nikonov/blob/main/centr/31.jpg?raw=true
centrifuge;https://github.com/Ainsw0rt/Nikonov/blob/main/centr/32.jpg?raw=true
centrifuge;https://github.com/Ainsw0rt/Nikonov/blob/main/centr/33.jpg?raw=true
centrifuge;https://github.com/Ainsw0rt/Nikonov/blob/main/centr/34.jpg?raw=true
centrifuge;https://github.com/Ainsw0rt/Nikonov/blob/main/centr/35.jpg?raw=true
centrifuge;https://github.com/Ainsw0rt/Nikonov/blob/main/centr/36.jpg?raw=true
centrifuge;https://github.com/Ainsw0rt/Nikonov/blob/main/centr/37.jpg?raw=true
centrifuge;https://github.com/Ainsw0rt/Nikonov/blob/main/centr/38.jpg?raw=true
centrifuge;https://github.com/Ainsw0rt/Nikonov/blob/main/centr/39.jpg?raw=true
centrifuge;https://github.com/Ainsw0rt/Nikonov/blob/main/centr/40.jpg?raw=true
centrifuge;https://github.com/Ainsw0rt/Nikonov/blob/main/centr/41.jpg?raw=true
centrifuge;https://github.com/Ainsw0rt/Nikonov/blob/main/centr/42.jpg?raw=true
centrifuge;https://github.com/Ainsw0rt/Nikonov/blob/main/centr/43.jpg?raw=true
centrifuge;https://github.com/Ainsw0rt/Nikonov/blob/main/centr/44.jpg?raw=true
centrifuge;https://github.com/Ainsw0rt/Nikonov/blob/main/centr/45.jpg?raw=true
centrifuge;https://github.com/Ainsw0rt/Nikonov/blob/main/centr/46.jpg?raw=true
centrifuge;https://github.com/Ainsw0rt/Nikonov/blob/main/centr/47.jpg?raw=true
centrifuge;https://github.com/Ainsw0rt/Nikonov/blob/main/centr/48.jpg?raw=true
centrifuge;https://github.com/Ainsw0rt/Nikonov/blob/main/centr/49.jpg?raw=true
centrifuge;https://github.com/Ainsw0rt/Nikonov/blob/main/centr/50.jpg?raw=true
centrifuge;https://github.com/Ainsw0rt/Nikonov/blob/main/centr/51.jpg?raw=true
centrifuge;https://github.com/Ainsw0rt/Nikonov/blob/main/centr/52.jpg?raw=true
centrifuge;https://github.com/Ainsw0rt/Nikonov/blob/main/centr/53.jpg?raw=true
degasser;https://github.com/Ainsw0rt/Nikonov/blob/main/degaz/0.jpg?raw=true
degasser;https://github.com/Ainsw0rt/Nikonov/blob/main/degaz/1.jpg?raw=true
degasser;https://github.com/Ainsw0rt/Nikonov/blob/main/degaz/2.jpg?raw=true
degasser;https://github.com/Ainsw0rt/Nikonov/blob/main/degaz/3.jpg?raw=true
degasser;https://github.com/Ainsw0rt/Nikonov/blob/main/degaz/4.jpg?raw=true
degasser;https://github.com/Ainsw0rt/Nikonov/blob/main/degaz/5.jpg?raw=true
degasser;https://github.com/Ainsw0rt/Nikonov/blob/main/degaz/6.jpg?raw=true
degasser;https://github.com/Ainsw0rt/Nikonov/blob/main/degaz/7.jpg?raw=true
degasser;https://github.com/Ainsw0rt/Nikonov/blob/main/degaz/8.jpg?raw=true
degasser;https://github.com/Ainsw0rt/Nikonov/blob/main/degaz/9.jpg?raw=true
degasser;https://github.com/Ainsw0rt/Nikonov/blob/main/degaz/10.jpg?raw=true
degasser;https://github.com/Ainsw0rt/Nikonov/blob/main/degaz/11.jpg?raw=true
degasser;https://github.com/Ainsw0rt/Nikonov/blob/main/degaz/12.jpg?raw=true
degasser;https://github.com/Ainsw0rt/Nikonov/blob/main/degaz/13.jpg?raw=true
degasser;https://github.com/Ainsw0rt/Nikonov/blob/main/degaz/14.jpg?raw=true
degasser;https://github.com/Ainsw0rt/Nikonov/blob/main/degaz/15.jpg?raw=true
degasser;https://github.com/Ainsw0rt/Nikonov/blob/main/degaz/16.jpg?raw=true
degasser;https://github.com/Ainsw0rt/Nikonov/blob/main/degaz/17.jpg?raw=true
degasser;https://github.com/Ainsw0rt/Nikonov/blob/main/degaz/18.jpg?raw=true
degasser;https://github.com/Ainsw0rt/Nikonov/blob/main/degaz/19.jpg?raw=true
degasser;https://github.com/Ainsw0rt/Nikonov/blob/main/degaz/20.jpg?raw=true
degasser;https://github.com/Ainsw0rt/Nikonov/blob/main/degaz/21.jpg?raw=true
degasser;https://github.com/Ainsw0rt/Nikonov/blob/main/degaz/22.jpg?raw=true
degasser;https://github.com/Ainsw0rt/Nikonov/blob/main/degaz/23.jpg?raw=true
degasser;https://github.com/Ainsw0rt/Nikonov/blob/main/degaz/24.jpg?raw=true
degasser;https://github.com/Ainsw0rt/Nikonov/blob/main/degaz/25.jpg?raw=true
degasser;https://github.com/Ainsw0rt/Nikonov/blob/main/degaz/26.jpg?raw=true
degasser;https://github.com/Ainsw0rt/Nikonov/blob/main/degaz/27.jpg?raw=true
degasser;https://github.com/Ainsw0rt/Nikonov/blob/main/degaz/28.jpg?raw=true
degasser;https://github.com/Ainsw0rt/Nikonov/blob/main/degaz/29.jpg?raw=true
degasser;https://github.com/Ainsw0rt/Nikonov/blob/main/degaz/30.jpg?raw=true
degasser;https://github.com/Ainsw0rt/Nikonov/blob/main/degaz/31.jpg?raw=true
degasser;https://github.com/Ainsw0rt/Nikonov/blob/main/degaz/32.jpg?raw=true
degasser;https://github.com/Ainsw0rt/Nikonov/blob/main/degaz/33.jpg?raw=true
degasser;https://github.com/Ainsw0rt/Nikonov/blob/main/degaz/34.jpg?raw=true
degasser;https://github.com/Ainsw0rt/Nikonov/blob/main/degaz/35.jpg?raw=true
degasser;https://github.com/Ainsw0rt/Nikonov/blob/main/degaz/36.jpg?raw=true
degasser;https://github.com/Ainsw0rt/Nikonov/blob/main/degaz/37.jpg?raw=true
degasser;https://github.com/Ainsw0rt/Nikonov/blob/main/degaz/38.jpg?raw=true
degasser;https://github.com/Ainsw0rt/Nikonov/blob/main/degaz/39.jpg?raw=true
degasser;https://github.com/Ainsw0rt/Nikonov/blob/main/degaz/40.jpg?raw=true
degasser;https://github.com/Ainsw0rt/Nikonov/blob/main/degaz/41.jpg?raw=true
degasser;https://github.com/Ainsw0rt/Nikonov/blob/main/degaz/42.jpg?raw=true
degasser;https://github.com/Ainsw0rt/Nikonov/blob/main/degaz/43.jpg?raw=true
degasser;https://github.com/Ainsw0rt/Nikonov/blob/main/degaz/44.jpg?raw=true
degasser;https://github.com/Ainsw0rt/Nikonov/blob/main/degaz/45.jpg?raw=true
degasser;https://github.com/Ainsw0rt/Nikonov/blob/main/degaz/46.jpg?raw=true
degasser;https://github.com/Ainsw0rt/Nikonov/blob/main/degaz/47.jpg?raw=true
degasser;https://github.com/Ainsw0rt/Nikonov/blob/main/degaz/48.jpg?raw=true
degasser;https://github.com/Ainsw0rt/Nikonov/blob/main/degaz/49.jpg?raw=true
degasser;https://github.com/Ainsw0rt/Nikonov/blob/main/degaz/50.jpg?raw=true
degasser;https://github.com/Ainsw0rt/Nikonov/blob/main/degaz/51.jpg?raw=true
degasser;https://github.com/Ainsw0rt/Nikonov/blob/main/degaz/52.jpg?raw=true
degasser;https://github.com/Ainsw0rt/Nikonov/blob/main/degaz/53.jpg?raw=true
